{"Studierende an Hochschuleinrichtungen (ISCED-Stufe 5-8, ab 2014), insgesamt": {"2": 0.5332220613015698, "3": 0.367829944003379, "4": 0.32439773961737134}, "Bev\u00f6lkerung am 1. Januar, insgesamt": {"2": 0.616179115586747, "3": 0.3788294092534561, "4": 0.36035987827411103}, "Bev\u00f6lkerung im Alter von 0 bis 14 Jahren, insgesamt": {"2": 0.6712754322409672, "3": 0.56889413849432, "4": 0.3714597056118228}, "Bev\u00f6lkerung im Alter von 15 bis 64 Jahren, insgesamt": {"2": 0.6255030098659561, "3": 0.3818869054978989, "4": 0.49199079946964186}, "Bev\u00f6lkerung im Alter von 65+ Jahren, insgesamt": {"2": 0.6898479196178519, "3": 0.3783048166546372, "4": 0.3675694680284386}, "Erwerbslosenquote": {"2": 0.2904409270804584, "3": 0.2801491591898233, "4": 0.2851831078455513}, "Verkehrsmittel f\u00fcr den Arbeitsweg - Anteil Pkw - %": {"2": 0.304497143090296, "3": 0.49703127996509594, "4": 0.5781632833071194}, "Verkehrsmittel f\u00fcr den Arbeitsweg - Anteil Motorrad - %": {"2": 0.5455310047258293, "3": 0.6416675487976391, "4": 0.7435810137254079}, "Verkehrsmittel f\u00fcr den Arbeitsweg - Anteil Fahrrad - %": {"2": 0.5546144306852393, "3": 0.6239027475381936, "4": 0.7362030131263086}, "Verkehrsmittel f\u00fcr den Arbeitsweg - Anteil Fu\u00dfg\u00e4nger - %": {"2": 0.4782279677801241, "3": 0.5827526733037826, "4": 0.6368208675914017}, "Verkehrsmittel f\u00fcr den Arbeitsweg - Anteil Pkw oder Motorrad - %": {"2": 0.5188099995138274, "3": 0.5694887675083509, "4": 0.7600290365014535}, "Verkehrsmittel f\u00fcr den Arbeitsweg - Anteil \u00f6ffentliche Verkehrsmittel (Eisenbahn, U-Bahn, Bus, Stra\u00dfenbahn) - %": {"2": 0.4671465092955288, "3": 0.5501046156207636, "4": 0.5873644039578717}, "Zugelassene Pkw je 1000 Einwohner": {"2": 0.47966723977325104, "3": 0.36067714126155537, "4": 0.2202253350950833}}